--qXJuDtHPw[0],4,4,0,4,4
-571d8cVauQ[0],3,3,0,3,3
-571d8cVauQ[1],2,2,0,2,2
-571d8cVauQ[2],4,4,0,4,4
-I_e4mIh0yE[0],2,2,0,2,2
-I_e4mIh0yE[1],4,2,-2,4,2
-I_e4mIh0yE[2],2,2,0,2,2
-UacrmKiTn4[0],2,2,0,2,2
-UacrmKiTn4[1],1,3,2,1,3
-UacrmKiTn4[2],3,4,1,3,4
-UacrmKiTn4[3],4,4,0,4,4
-hnBHBN8p5A[0],6,4,-2,6,4
-hnBHBN8p5A[1],4,4,0,4,4
-hnBHBN8p5A[2],4,4,0,4,4
-hnBHBN8p5A[3],3,4,1,3,4
-hnBHBN8p5A[4],4,3,-1,4,3
-qDkUB0GgYY[0],5,4,-1,5,4
-qDkUB0GgYY[1],5,4,-1,5,4
-qDkUB0GgYY[2],5,4,-1,5,4
-uywlfIYOS8[0],4,4,0,4,4
-uywlfIYOS8[1],6,5,-1,6,5
06st0Ez_E_I[0],3,4,1,3,4
06st0Ez_E_I[1],3,3,0,3,3
0utROiKxejc[0],3,4,1,3,4
0utROiKxejc[1],3,4,1,3,4
0utROiKxejc[2],3,2,-1,3,2
0y022OlZ3W0[0],3,4,1,3,4
0y022OlZ3W0[1],4,3,-1,4,3
0y022OlZ3W0[2],3,2,-1,3,2
0y022OlZ3W0[3],4,4,0,4,4
0y022OlZ3W0[4],5,4,-1,5,4
0y022OlZ3W0[5],2,4,2,2,4
0y022OlZ3W0[6],1,2,1,1,2
0y022OlZ3W0[7],2,4,2,2,4
0y022OlZ3W0[8],2,2,0,2,2
101787[0],3,3,0,3,3
101787[1],2,4,2,2,4
101787[2],2,4,2,2,4
101787[3],3,2,-1,3,2
101787[4],3,3,0,3,3
101787[5],1,4,3,1,4
101787[6],1,2,1,1,2
101787[7],2,2,0,2,2
101787[8],2,2,0,2,2
101787[9],3,3,0,3,3
101787[10],3,6,3,3,6
101787[11],1,6,5,1,6
101787[12],3,4,1,3,4
101787[13],4,5,1,4,5
101787[14],5,5,0,5,5
101787[15],2,3,1,2,3
102408[0],3,3,0,3,3
102408[1],3,3,0,3,3
102408[2],2,2,0,2,2
102408[3],4,2,-2,4,2
102408[4],4,2,-2,4,2
102408[5],1,2,1,1,2
102408[6],1,2,1,1,2
102408[7],1,2,1,1,2
102408[8],1,1,0,1,1
102408[9],1,2,1,1,2
102858[0],4,4,0,4,4
102858[1],4,4,0,4,4
102858[2],5,6,1,5,6
102858[3],2,2,0,2,2
102858[4],4,3,-1,4,3
102858[5],3,3,0,3,3
102858[6],4,4,0,4,4
102858[7],3,4,1,3,4
102858[8],2,4,2,2,4
102858[9],4,4,0,4,4
102858[10],3,2,-1,3,2
102858[11],3,4,1,3,4
102858[12],5,4,-1,5,4
102858[13],5,4,-1,5,4
102858[14],4,2,-2,4,2
102858[15],6,4,-2,6,4
102858[16],6,4,-2,6,4
102858[17],5,4,-1,5,4
102858[18],4,4,0,4,4
102858[19],6,6,0,6,6
102858[20],6,6,0,6,6
102858[21],6,5,-1,6,5
102858[22],3,4,1,3,4
102858[23],2,5,3,2,5
102858[24],2,3,1,2,3
112433[0],3,4,1,3,4
112433[1],1,1,0,1,1
112433[2],3,3,0,3,3
112433[3],0,2,2,0,2
112433[4],2,2,0,2,2
112433[5],1,2,1,1,2
112433[6],1,1,0,1,1
112433[7],1,1,0,1,1
112433[8],2,1,-1,2,1
112433[9],1,2,1,1,2
112433[10],1,1,0,1,1
117tQqLjza4[0],4,3,-1,4,3
117tQqLjza4[1],3,4,1,3,4
11j7EfglCAs[0],4,3,-1,4,3
11j7EfglCAs[1],2,3,1,2,3
11j7EfglCAs[2],4,4,0,4,4
121128[0],3,3,0,3,3
121128[1],3,3,0,3,3
121128[2],5,4,-1,5,4
121128[3],3,3,0,3,3
121128[4],3,3,0,3,3
121128[5],3,4,1,3,4
121128[6],6,6,0,6,6
121128[7],5,1,-4,5,1
121128[8],4,2,-2,4,2
121128[9],3,4,1,3,4
121128[10],4,4,0,4,4
125344[0],4,2,-2,4,2
125676[0],2,4,2,2,4
125676[1],4,3,-1,4,3
125676[2],1,4,3,1,4
125676[3],2,2,0,2,2
125676[4],2,3,1,2,3
125676[5],5,4,-1,5,4
125676[6],0,2,2,0,2
125676[7],1,2,1,1,2
125676[8],1,1,0,1,1
125676[9],2,3,1,2,3
125676[10],2,2,0,2,2
128059[0],3,5,2,3,5
128059[1],0,1,1,0,1
128059[2],2,2,0,2,2
128059[3],2,2,0,2,2
128059[4],4,2,-2,4,2
128059[5],3,3,0,3,3
128059[6],3,4,1,3,4
128059[7],2,2,0,2,2
128059[8],4,2,-2,4,2
128059[9],4,4,0,4,4
128059[10],1,6,5,1,6
128059[11],1,4,3,1,4
128059[12],2,2,0,2,2
128059[13],4,5,1,4,5
128059[14],4,4,0,4,4
128059[15],3,4,1,3,4
128059[16],3,4,1,3,4
128059[17],4,3,-1,4,3
128763[0],3,4,1,3,4
128763[1],4,3,-1,4,3
128763[2],1,1,0,1,1
128763[3],0,1,1,0,1
128763[4],2,4,2,2,4
128763[5],3,3,0,3,3
128763[6],1,1,0,1,1
128763[7],1,1,0,1,1
128763[8],3,3,0,3,3
128763[9],3,2,-1,3,2
128763[10],2,2,0,2,2
128763[11],3,2,-1,3,2
128763[12],2,2,0,2,2
130456[0],4,3,-1,4,3
130456[1],3,3,0,3,3
130456[2],3,4,1,3,4
130456[3],5,5,0,5,5
130456[4],6,6,0,6,6
130456[5],6,6,0,6,6
130456[6],3,3,0,3,3
130456[7],2,2,0,2,2
130456[8],4,2,-2,4,2
130456[9],2,4,2,2,4
130456[10],2,2,0,2,2
130456[11],4,2,-2,4,2
188343[0],3,4,1,3,4
188343[1],3,3,0,3,3
188343[2],5,4,-1,5,4
188343[3],4,4,0,4,4
188343[4],1,1,0,1,1
188343[5],4,4,0,4,4
188343[6],4,3,-1,4,3
188343[7],4,4,0,4,4
188343[8],4,1,-3,4,1
188343[9],1,2,1,1,2
188343[10],3,3,0,3,3
188343[11],3,3,0,3,3
188343[12],4,3,-1,4,3
188343[13],0,1,1,0,1
188343[14],1,2,1,1,2
188343[15],4,4,0,4,4
1HK7Nea0PFo[0],4,4,0,4,4
1HK7Nea0PFo[1],3,4,1,3,4
1HK7Nea0PFo[2],3,4,1,3,4
1HK7Nea0PFo[3],4,4,0,4,4
216097[0],3,3,0,3,3
216097[1],2,2,0,2,2
216097[2],3,3,0,3,3
216097[3],4,3,-1,4,3
216097[4],3,2,-1,3,2
216097[5],2,4,2,2,4
216097[6],4,4,0,4,4
216097[7],2,4,2,2,4
216097[8],1,1,0,1,1
223431[0],4,4,0,4,4
223431[1],3,3,0,3,3
223431[2],2,4,2,2,4
223431[3],1,2,1,1,2
223431[4],2,6,4,2,6
223431[5],0,2,2,0,2
223431[6],2,4,2,2,4
223431[7],1,1,0,1,1
223431[8],4,3,-1,4,3
223431[9],3,2,-1,3,2
223431[10],3,2,-1,3,2
223431[11],2,3,1,2,3
223431[12],2,2,0,2,2
223431[13],1,2,1,1,2
223431[14],1,4,3,1,4
225770[0],3,4,1,3,4
225770[1],4,2,-2,4,2
225770[2],1,2,1,1,2
225770[3],4,4,0,4,4
225770[4],1,2,1,1,2
225770[5],1,4,3,1,4
225770[6],2,2,0,2,2
225770[7],2,2,0,2,2
225770[8],1,2,1,1,2
225770[9],3,3,0,3,3
225770[10],2,3,1,2,3
225770[11],3,4,1,3,4
225770[12],5,4,-1,5,4
225770[13],4,2,-2,4,2
225770[14],5,6,1,5,6
236021[0],3,4,1,3,4
236021[1],4,3,-1,4,3
236021[2],2,2,0,2,2
236021[3],4,3,-1,4,3
236021[4],5,3,-2,5,3
236021[5],3,2,-1,3,2
236021[6],3,2,-1,3,2
236021[7],4,2,-2,4,2
236021[8],2,2,0,2,2
236021[9],1,1,0,1,1
236021[10],1,2,1,1,2
236021[11],1,2,1,1,2
236021[12],2,4,2,2,4
237009[0],4,3,-1,4,3
237009[1],3,3,0,3,3
237009[2],3,3,0,3,3
237009[3],0,2,2,0,2
237009[4],0,0,0,0,0
237009[5],2,2,0,2,2
237009[6],2,2,0,2,2
237009[7],4,4,0,4,4
237009[8],0,2,2,0,2
237009[9],0,1,1,0,1
237009[10],0,1,1,0,1
237009[11],2,4,2,2,4
237009[12],3,2,-1,3,2
241629[0],4,4,0,4,4
241629[1],3,3,0,3,3
241629[2],1,0,-1,1,0
241629[3],4,2,-2,4,2
241629[4],6,6,0,6,6
241629[5],3,3,0,3,3
241629[6],2,4,2,2,4
241629[7],1,1,0,1,1
241629[8],1,1,0,1,1
241629[9],2,2,0,2,2
241629[10],4,5,1,4,5
243646[0],4,3,-1,4,3
243646[1],4,4,0,4,4
243646[2],0,0,0,0,0
243646[3],2,2,0,2,2
243646[4],1,1,0,1,1
243646[5],3,3,0,3,3
243646[6],3,4,1,3,4
243646[7],4,3,-1,4,3
243646[8],3,4,1,3,4
243646[9],3,3,0,3,3
243646[10],3,3,0,3,3
247318[0],3,4,1,3,4
247318[1],3,3,0,3,3
247318[2],1,0,-1,1,0
247318[3],4,1,-3,4,1
247318[4],1,2,1,1,2
247318[5],1,0,-1,1,0
247318[6],1,0,-1,1,0
247318[7],1,2,1,1,2
247318[8],0,0,0,0,0
247318[9],1,2,1,1,2
247318[10],2,2,0,2,2
247318[11],2,2,0,2,2
247318[12],1,1,0,1,1
247318[13],1,2,1,1,2
247318[14],1,1,0,1,1
252998[0],3,3,0,3,3
252998[1],3,3,0,3,3
252998[2],3,4,1,3,4
252998[3],4,3,-1,4,3
252998[4],2,2,0,2,2
252998[5],1,1,0,1,1
252998[6],1,2,1,1,2
252998[7],5,2,-3,5,2
252998[8],1,2,1,1,2
257247[0],4,3,-1,4,3
257247[1],3,3,0,3,3
257247[2],2,2,0,2,2
257247[3],2,2,0,2,2
257247[4],1,1,0,1,1
257247[5],3,4,1,3,4
257247[6],1,2,1,1,2
257247[7],2,3,1,2,3
257247[8],1,1,0,1,1
257247[9],1,1,0,1,1
257247[10],0,1,1,0,1
257247[11],3,2,-1,3,2
257247[12],3,4,1,3,4
258654[0],5,4,-1,5,4
258654[1],1,0,-1,1,0
258654[2],1,1,0,1,1
258654[3],0,0,0,0,0
258654[4],3,2,-1,3,2
258654[5],1,0,-1,1,0
266791[0],3,4,1,3,4
266791[1],3,4,1,3,4
266791[2],1,1,0,1,1
266791[3],4,4,0,4,4
266791[4],1,2,1,1,2
266791[5],2,3,1,2,3
266791[6],1,2,1,1,2
266791[7],0,3,3,0,3
266791[8],0,2,2,0,2
266791[9],0,2,2,0,2
266791[10],0,0,0,0,0
266791[11],2,4,2,2,4
266791[12],3,3,0,3,3
266791[13],4,3,-1,4,3
266791[14],1,2,1,1,2
266791[15],1,2,1,1,2
266791[16],0,4,4,0,4
266791[17],1,1,0,1,1
266791[18],1,2,1,1,2
266791[19],3,4,1,3,4
266791[20],1,2,1,1,2
266791[21],0,0,0,0,0
266791[22],1,2,1,1,2
266791[23],4,4,0,4,4
266791[24],0,1,1,0,1
266791[25],0,1,1,0,1
266791[26],2,1,-1,2,1
266791[27],0,0,0,0,0
266791[28],0,0,0,0,0
266791[29],0,0,0,0,0
266791[30],0,1,1,0,1
266791[31],1,1,0,1,1
266791[32],0,1,1,0,1
266791[33],3,3,0,3,3
266791[34],2,2,0,2,2
266791[35],1,2,1,1,2
266791[36],1,2,1,1,2
270254[0],3,4,1,3,4
270254[1],5,2,-3,5,2
270254[2],2,3,1,2,3
270254[3],3,3,0,3,3
270254[4],1,4,3,1,4
270254[5],3,3,0,3,3
270254[6],1,4,3,1,4
270254[7],1,2,1,1,2
270254[8],2,3,1,2,3
270254[9],1,1,0,1,1
270254[10],0,3,3,0,3
270254[11],0,2,2,0,2
270254[12],3,3,0,3,3
270254[13],2,3,1,2,3
270254[14],5,4,-1,5,4
270254[15],1,1,0,1,1
270254[16],1,1,0,1,1
270254[17],1,2,1,1,2
270254[18],2,5,3,2,5
270254[19],4,4,0,4,4
270254[20],1,5,4,1,5
270254[21],3,6,3,3,6
270254[22],4,2,-2,4,2
270254[23],0,1,1,0,1
270254[24],1,0,-1,1,0
270254[25],5,6,1,5,6
272624[0],4,3,-1,4,3
272624[1],3,3,0,3,3
272624[2],1,1,0,1,1
272624[3],2,1,-1,2,1
272624[4],2,2,0,2,2
272624[5],4,2,-2,4,2
272624[6],2,2,0,2,2
272624[7],4,6,2,4,6
272624[8],3,1,-2,3,1
272624[9],4,3,-1,4,3
272624[10],4,3,-1,4,3
272624[11],3,3,0,3,3
272624[12],3,4,1,3,4
272624[13],4,4,0,4,4
272624[14],3,4,1,3,4
272624[15],2,1,-1,2,1
272624[16],2,2,0,2,2
272624[17],1,1,0,1,1
272624[18],2,6,4,2,6
273539[0],4,4,0,4,4
273539[1],3,4,1,3,4
273539[2],3,3,0,3,3
273539[3],0,1,1,0,1
273539[4],1,2,1,1,2
273539[5],3,4,1,3,4
273539[6],2,2,0,2,2
273539[7],1,2,1,1,2
273539[8],4,4,0,4,4
273539[9],0,1,1,0,1
290546[0],4,3,-1,4,3
290546[1],2,2,0,2,2
290546[2],2,1,-1,2,1
290546[3],3,2,-1,3,2
290546[4],2,3,1,2,3
290546[5],2,2,0,2,2
290546[6],3,2,-1,3,2
290546[7],2,2,0,2,2
290546[8],5,1,-4,5,1
290546[9],1,1,0,1,1
2J4zrDn7K4s[0],4,3,-1,4,3
2S00zYaVrtc[0],4,4,0,4,4
2S00zYaVrtc[1],2,2,0,2,2
2S00zYaVrtc[2],0,1,1,0,1
2S00zYaVrtc[3],5,4,-1,5,4
2S00zYaVrtc[4],1,3,2,1,3
2S00zYaVrtc[5],2,3,1,2,3
2S00zYaVrtc[6],2,2,0,2,2
2S00zYaVrtc[7],2,4,2,2,4
2S00zYaVrtc[8],4,4,0,4,4
2S00zYaVrtc[9],5,5,0,5,5
2S00zYaVrtc[10],5,5,0,5,5
2S00zYaVrtc[11],5,4,-1,5,4
2S00zYaVrtc[12],4,2,-2,4,2
2Xt31_d0XEE[0],5,4,-1,5,4
2Xt31_d0XEE[1],5,6,1,5,6
2Xt31_d0XEE[2],5,5,0,5,5
2Xt31_d0XEE[3],5,4,-1,5,4
31474[0],4,4,0,4,4
31474[1],3,3,0,3,3
31474[2],0,0,0,0,0
31474[3],1,2,1,1,2
31474[4],2,1,-1,2,1
31474[5],2,2,0,2,2
31474[6],3,1,-2,3,1
31474[7],0,1,1,0,1
31474[8],1,2,1,1,2
31474[9],2,2,0,2,2
31474[10],3,4,1,3,4
31474[11],4,4,0,4,4
31474[12],2,1,-1,2,1
31474[13],0,0,0,0,0
31474[14],4,5,1,4,5
31474[15],3,2,-1,3,2
31474[16],2,1,-1,2,1
32681[0],4,4,0,4,4
32681[1],3,4,1,3,4
32681[2],3,4,1,3,4
32681[3],0,0,0,0,0
32681[4],2,1,-1,2,1
32681[5],4,1,-3,4,1
32681[6],2,1,-1,2,1
33170[0],4,3,-1,4,3
33170[1],4,2,-2,4,2
33170[2],2,1,-1,2,1
33170[3],1,1,0,1,1
33170[4],1,1,0,1,1
33170[5],2,2,0,2,2
33170[6],3,1,-2,3,1
3MFNIag0wNE[0],3,4,1,3,4
3MFNIag0wNE[1],2,3,1,2,3
3MFNIag0wNE[2],2,2,0,2,2
3MFNIag0wNE[3],1,1,0,1,1
3MFNIag0wNE[4],1,1,0,1,1
3MFNIag0wNE[5],2,4,2,2,4
3MFNIag0wNE[6],4,5,1,4,5
3MFNIag0wNE[7],2,3,1,2,3
3MFNIag0wNE[8],1,1,0,1,1
3MFNIag0wNE[9],2,2,0,2,2
3MFNIag0wNE[10],1,1,0,1,1
3MFNIag0wNE[11],1,1,0,1,1
3V2qm0rw920[0],4,3,-1,4,3
3V2qm0rw920[1],4,4,0,4,4
3V2qm0rw920[2],6,6,0,6,6
3V2qm0rw920[3],4,4,0,4,4
3V2qm0rw920[4],4,3,-1,4,3
3V2qm0rw920[5],4,4,0,4,4
3V2qm0rw920[6],4,4,0,4,4
3V2qm0rw920[7],3,4,1,3,4
3j94B0pzSVs[0],3,3,0,3,3
3j94B0pzSVs[1],3,3,0,3,3
3j94B0pzSVs[2],5,2,-3,5,2
3j94B0pzSVs[3],4,3,-1,4,3
3j94B0pzSVs[4],3,3,0,3,3
3j94B0pzSVs[5],1,2,1,1,2
3j94B0pzSVs[6],4,4,0,4,4
3j94B0pzSVs[7],2,2,0,2,2
3j94B0pzSVs[8],4,4,0,4,4
3j94B0pzSVs[9],4,3,-1,4,3
3j94B0pzSVs[10],2,2,0,2,2
3j94B0pzSVs[11],4,4,0,4,4
4cFeG2ydm9A[0],4,4,0,4,4
4dV3slGSc60[0],5,4,-1,5,4
4dV3slGSc60[1],4,4,0,4,4
4dV3slGSc60[2],3,4,1,3,4
4dV3slGSc60[3],4,4,0,4,4
4dV3slGSc60[4],5,4,-1,5,4
4dV3slGSc60[5],4,3,-1,4,3
4dV3slGSc60[6],4,4,0,4,4
4dV3slGSc60[7],4,2,-2,4,2
4dV3slGSc60[8],5,2,-3,5,2
50103[0],3,3,0,3,3
50103[1],0,1,1,0,1
50103[2],0,1,1,0,1
50103[3],1,1,0,1,1
50103[4],1,1,0,1,1
50103[5],3,4,1,3,4
50103[6],2,3,1,2,3
50103[7],2,3,1,2,3
50103[8],3,3,0,3,3
5B0PQx3Ep3k[0],4,4,0,4,4
5B0PQx3Ep3k[1],5,4,-1,5,4
5B0PQx3Ep3k[2],5,4,-1,5,4
5B0PQx3Ep3k[3],5,5,0,5,5
5O1W39o56gg[0],3,4,1,3,4
5O1W39o56gg[1],3,4,1,3,4
5O1W39o56gg[2],4,2,-2,4,2
5O1W39o56gg[3],4,4,0,4,4
5O1W39o56gg[4],2,4,2,2,4
5O1W39o56gg[5],5,3,-2,5,3
5O1W39o56gg[6],3,3,0,3,3
5O1W39o56gg[7],5,4,-1,5,4
5O1W39o56gg[8],4,5,1,4,5
5i6AgQSjXO4[0],4,4,0,4,4
5i6AgQSjXO4[1],5,5,0,5,5
5i6AgQSjXO4[2],3,4,1,3,4
5i6AgQSjXO4[3],4,3,-1,4,3
5i6AgQSjXO4[4],3,4,1,3,4
5i6AgQSjXO4[5],3,3,0,3,3
5i6AgQSjXO4[6],3,3,0,3,3
5i6AgQSjXO4[7],2,3,1,2,3
5kaCGzjYukM[0],2,3,1,2,3
5kaCGzjYukM[1],2,2,0,2,2
5kaCGzjYukM[2],1,2,1,1,2
5kaCGzjYukM[3],0,1,1,0,1
5kaCGzjYukM[4],2,2,0,2,2
6KvG5VbLalY[0],4,4,0,4,4
6KvG5VbLalY[1],5,4,-1,5,4
6KvG5VbLalY[2],4,4,0,4,4
6KvG5VbLalY[3],3,3,0,3,3
6ZA8I83x-oY[0],3,4,1,3,4
6ZA8I83x-oY[1],5,5,0,5,5
6ZA8I83x-oY[2],4,4,0,4,4
6ZA8I83x-oY[3],4,4,0,4,4
6_ZT8beQXq8[0],4,4,0,4,4
6_ZT8beQXq8[1],5,2,-3,5,2
6_ZT8beQXq8[2],3,2,-1,3,2
6_ZT8beQXq8[3],4,2,-2,4,2
6_ZT8beQXq8[4],5,6,1,5,6
6_ZT8beQXq8[5],4,2,-2,4,2
6_ZT8beQXq8[6],4,2,-2,4,2
6_ZT8beQXq8[7],5,2,-3,5,2
6_ZT8beQXq8[8],4,2,-2,4,2
6_ZT8beQXq8[9],3,3,0,3,3
6hFiTU77Sm0[0],1,4,3,1,4
6hFiTU77Sm0[1],3,4,1,3,4
6hFiTU77Sm0[2],3,3,0,3,3
6hFiTU77Sm0[3],4,4,0,4,4
6hFiTU77Sm0[4],4,4,0,4,4
6uPGcKTpC4I[0],3,4,1,3,4
6uPGcKTpC4I[1],3,4,1,3,4
6uPGcKTpC4I[2],4,5,1,4,5
6uPGcKTpC4I[3],5,3,-2,5,3
6uPGcKTpC4I[4],5,4,-1,5,4
70280[0],3,3,0,3,3
70280[1],4,3,-1,4,3
70280[2],1,1,0,1,1
70280[3],1,2,1,1,2
70280[4],1,1,0,1,1
70280[5],3,3,0,3,3
70280[6],2,2,0,2,2
70280[7],3,2,-1,3,2
70280[8],4,1,-3,4,1
70280[9],1,2,1,1,2
70280[10],4,3,-1,4,3
70280[11],1,2,1,1,2
70280[12],2,1,-1,2,1
70HptJgAhZM[0],4,3,-1,4,3
70HptJgAhZM[1],4,4,0,4,4
75RGHaxmUK8[0],4,4,0,4,4
75RGHaxmUK8[1],4,4,0,4,4
75RGHaxmUK8[2],4,3,-1,4,3
75RGHaxmUK8[3],3,3,0,3,3
76PsKs4kPXE[0],4,4,0,4,4
7_K3F-lAv1k[0],4,4,0,4,4
7_K3F-lAv1k[1],5,4,-1,5,4
7_K3F-lAv1k[2],3,4,1,3,4
7_K3F-lAv1k[3],4,4,0,4,4
7_K3F-lAv1k[4],4,4,0,4,4
7r4vRxKLFCA[0],3,4,1,3,4
7r4vRxKLFCA[1],2,4,2,2,4
80566[0],3,3,0,3,3
80566[1],3,4,1,3,4
80566[2],4,4,0,4,4
80566[3],4,3,-1,4,3
80566[4],5,3,-2,5,3
80566[5],4,3,-1,4,3
80566[6],3,2,-1,3,2
80566[7],6,5,-1,6,5
80566[8],6,2,-4,6,2
80855[0],3,3,0,3,3
80855[1],6,5,-1,6,5
80855[2],4,3,-1,4,3
80855[3],3,3,0,3,3
80855[4],3,3,0,3,3
80855[5],5,6,1,5,6
80855[6],5,5,0,5,5
80855[7],5,5,0,5,5
80855[8],5,0,-5,5,0
80855[9],3,1,-2,3,1
80855[10],5,0,-5,5,0
80855[11],5,0,-5,5,0
80855[12],4,4,0,4,4
80855[13],4,4,0,4,4
80855[14],3,3,0,3,3
80855[15],3,4,1,3,4
80855[16],4,4,0,4,4
80855[17],5,4,-1,5,4
80855[18],3,2,-1,3,2
80855[19],4,4,0,4,4
80855[20],3,4,1,3,4
830KzUc6CbU[0],3,3,0,3,3
830KzUc6CbU[1],4,2,-2,4,2
830KzUc6CbU[2],4,3,-1,4,3
84140[0],5,1,-4,5,1
84140[1],2,2,0,2,2
84140[2],1,1,0,1,1
84140[3],3,4,1,3,4
84140[4],4,3,-1,4,3
84140[5],1,1,0,1,1
89835[0],3,4,1,3,4
89835[1],4,4,0,4,4
89835[2],4,2,-2,4,2
89835[3],1,1,0,1,1
89835[4],0,0,0,0,0
89835[5],0,1,1,0,1
89835[6],2,2,0,2,2
89835[7],0,1,1,0,1
8eaYvALnJ0o[0],5,4,-1,5,4
8eaYvALnJ0o[1],5,4,-1,5,4
8eaYvALnJ0o[2],5,2,-3,5,2
8x_nCOh6Wmc[0],4,4,0,4,4
96642[0],4,3,-1,4,3
96642[1],3,3,0,3,3
96642[2],3,3,0,3,3
96642[3],4,4,0,4,4
96642[4],1,1,0,1,1
96642[5],2,2,0,2,2
96642[6],2,3,1,2,3
99501[0],4,4,0,4,4
99501[1],3,4,1,3,4
99501[2],1,2,1,1,2
99501[3],2,2,0,2,2
99501[4],2,3,1,2,3
99501[5],1,2,1,1,2
99501[6],1,0,-1,1,0
99501[7],3,2,-1,3,2
99501[8],3,2,-1,3,2
99501[9],2,2,0,2,2
99501[10],3,1,-2,3,1
99501[11],2,2,0,2,2
99501[12],1,2,1,1,2
99501[13],2,4,2,2,4
9QI-9w_VdB4[0],4,4,0,4,4
9QI-9w_VdB4[1],3,6,3,3,6
9QI-9w_VdB4[2],4,3,-1,4,3
9QI-9w_VdB4[3],3,4,1,3,4
9iRncKVM2PA[0],2,2,0,2,2
AG5EY8ZaFj4[0],4,4,0,4,4
AG5EY8ZaFj4[1],4,3,-1,4,3
AG5EY8ZaFj4[2],3,3,0,3,3
AbNmF4RTzOI[0],3,4,1,3,4
Arh2TKRi_mg[0],3,4,1,3,4
Arh2TKRi_mg[1],2,2,0,2,2
Arh2TKRi_mg[2],5,4,-1,5,4
Arh2TKRi_mg[3],4,4,0,4,4
Arh2TKRi_mg[4],4,4,0,4,4
Arh2TKRi_mg[5],2,4,2,2,4
Arh2TKRi_mg[6],4,4,0,4,4
Arh2TKRi_mg[7],2,2,0,2,2
Arh2TKRi_mg[8],4,4,0,4,4
Arh2TKRi_mg[9],5,5,0,5,5
Arh2TKRi_mg[10],3,5,2,3,5
AxNy9TeTLq8[0],5,5,0,5,5
BSKAHXFYF_I[0],4,3,-1,4,3
BSKAHXFYF_I[1],2,4,2,2,4
BSKAHXFYF_I[2],4,4,0,4,4
BSKAHXFYF_I[3],4,3,-1,4,3
BSKAHXFYF_I[4],3,4,1,3,4
BSKAHXFYF_I[5],4,3,-1,4,3
BSKAHXFYF_I[6],4,3,-1,4,3
BSKAHXFYF_I[7],4,4,0,4,4
Baz0VVQ-E9E[0],4,4,0,4,4
Baz0VVQ-E9E[1],3,3,0,3,3
Baz0VVQ-E9E[2],2,2,0,2,2
Baz0VVQ-E9E[3],2,4,2,2,4
Baz0VVQ-E9E[4],2,2,0,2,2
Baz0VVQ-E9E[5],2,2,0,2,2
Baz0VVQ-E9E[6],4,4,0,4,4
Baz0VVQ-E9E[7],5,4,-1,5,4
Baz0VVQ-E9E[8],2,2,0,2,2
C864zaWmEd0[0],4,4,0,4,4
CJGuudyvA0Y[0],4,4,0,4,4
CJGuudyvA0Y[1],3,4,1,3,4
CJGuudyvA0Y[2],2,3,1,2,3
CPjbogfLHR4[0],4,3,-1,4,3
CPjbogfLHR4[1],5,4,-1,5,4
CPjbogfLHR4[2],5,5,0,5,5
CPjbogfLHR4[3],5,1,-4,5,1
CPjbogfLHR4[4],3,2,-1,3,2
CPjbogfLHR4[5],2,3,1,2,3
CPjbogfLHR4[6],5,4,-1,5,4
CPjbogfLHR4[7],5,3,-2,5,3
DdUJojoFU_c[0],4,4,0,4,4
DdUJojoFU_c[1],4,4,0,4,4
DdUJojoFU_c[2],5,3,-2,5,3
DdUJojoFU_c[3],3,3,0,3,3
DdUJojoFU_c[4],4,3,-1,4,3
DdUJojoFU_c[5],4,4,0,4,4
DdUJojoFU_c[6],4,2,-2,4,2
DdUJojoFU_c[7],4,4,0,4,4
DdUJojoFU_c[8],4,4,0,4,4
DdUJojoFU_c[9],4,3,-1,4,3
DdUJojoFU_c[10],4,0,-4,4,0
DdUJojoFU_c[11],4,2,-2,4,2
DlbYiwOnTyk[0],2,4,2,2,4
DlbYiwOnTyk[1],4,2,-2,4,2
DlbYiwOnTyk[2],4,4,0,4,4
DlbYiwOnTyk[3],5,5,0,5,5
DpZGnuj-BA8[0],3,3,0,3,3
DpZGnuj-BA8[1],4,4,0,4,4
DpZGnuj-BA8[2],5,4,-1,5,4
DpZGnuj-BA8[3],3,2,-1,3,2
DpZGnuj-BA8[4],4,1,-3,4,1
E8MuzHUhUHk[0],4,4,0,4,4
E8MuzHUhUHk[1],4,4,0,4,4
E8MuzHUhUHk[2],4,4,0,4,4
E8MuzHUhUHk[3],4,4,0,4,4
E8MuzHUhUHk[4],5,4,-1,5,4
E8MuzHUhUHk[5],5,4,-1,5,4
E8MuzHUhUHk[6],3,3,0,3,3
E8MuzHUhUHk[7],4,3,-1,4,3
E8MuzHUhUHk[8],3,4,1,3,4
E8MuzHUhUHk[9],4,4,0,4,4
E8MuzHUhUHk[10],4,2,-2,4,2
EEjCkc82oyk[0],2,2,0,2,2
EEjCkc82oyk[1],3,3,0,3,3
EEjCkc82oyk[2],3,3,0,3,3
EEjCkc82oyk[3],2,2,0,2,2
EEjCkc82oyk[4],2,2,0,2,2
EEjCkc82oyk[5],2,2,0,2,2
EEjCkc82oyk[6],4,2,-2,4,2
EEjCkc82oyk[7],3,2,-1,3,2
EQxkXiWAm08[0],2,3,1,2,3
EQxkXiWAm08[1],4,3,-1,4,3
ET1cU5_A2YM[0],0,1,1,0,1
ET1cU5_A2YM[1],3,4,1,3,4
ET1cU5_A2YM[2],2,3,1,2,3
ET1cU5_A2YM[3],3,2,-1,3,2
ET1cU5_A2YM[4],1,2,1,1,2
ET1cU5_A2YM[5],1,2,1,1,2
EmmuWoCUgXs[0],4,4,0,4,4
EmmuWoCUgXs[1],2,4,2,2,4
EmmuWoCUgXs[2],4,2,-2,4,2
EmmuWoCUgXs[3],3,4,1,3,4
EmmuWoCUgXs[4],4,3,-1,4,3
EmmuWoCUgXs[5],4,2,-2,4,2
EmmuWoCUgXs[6],2,4,2,2,4
EmmuWoCUgXs[7],2,2,0,2,2
EmmuWoCUgXs[8],3,2,-1,3,2
EmmuWoCUgXs[9],2,2,0,2,2
Es9MkKsMsjU[0],1,2,1,1,2
Es9MkKsMsjU[1],1,1,0,1,1
Es9MkKsMsjU[2],1,1,0,1,1
Es9MkKsMsjU[3],1,1,0,1,1
Es9MkKsMsjU[4],1,1,0,1,1
Es9MkKsMsjU[5],1,0,-1,1,0
Ezn3p5FWF_U[0],3,4,1,3,4
Ezn3p5FWF_U[1],4,4,0,4,4
F1U26PLiXjM[0],4,3,-1,4,3
F1U26PLiXjM[1],6,5,-1,6,5
F4yFRROWtdE[0],4,4,0,4,4
F4yFRROWtdE[1],4,4,0,4,4
F6JV-K840EY[0],5,4,-1,5,4
F6JV-K840EY[1],5,3,-2,5,3
F6JV-K840EY[2],3,3,0,3,3
FB_b1dm0SRY[0],4,3,-1,4,3
FB_b1dm0SRY[1],2,2,0,2,2
FB_b1dm0SRY[2],3,2,-1,3,2
FB_b1dm0SRY[3],5,4,-1,5,4
FB_b1dm0SRY[4],3,3,0,3,3
FB_b1dm0SRY[5],4,2,-2,4,2
FB_b1dm0SRY[6],3,3,0,3,3
FB_b1dm0SRY[7],6,4,-2,6,4
FB_b1dm0SRY[8],5,2,-3,5,2
FB_b1dm0SRY[9],3,4,1,3,4
FB_b1dm0SRY[10],5,4,-1,5,4
FB_b1dm0SRY[11],3,2,-1,3,2
FB_b1dm0SRY[12],3,4,1,3,4
FB_b1dm0SRY[13],4,4,0,4,4
FB_b1dm0SRY[14],5,5,0,5,5
FB_b1dm0SRY[15],5,4,-1,5,4
FB_b1dm0SRY[16],3,3,0,3,3
FxxJB8hBpyQ[0],2,2,0,2,2
FxxJB8hBpyQ[1],4,4,0,4,4
FxxJB8hBpyQ[2],1,1,0,1,1
Fy0Uid9afM8[0],2,2,0,2,2
Fy0Uid9afM8[1],2,2,0,2,2
Fy0Uid9afM8[2],1,3,2,1,3
Fy0Uid9afM8[3],2,2,0,2,2
Fy0Uid9afM8[4],2,2,0,2,2
Fy0Uid9afM8[5],1,2,1,1,2
Fy0Uid9afM8[6],4,3,-1,4,3
Gz2qsCqWNUY[0],4,2,-2,4,2
H1DpVwktfDQ[0],5,4,-1,5,4
H1DpVwktfDQ[1],4,4,0,4,4
H1DpVwktfDQ[2],3,4,1,3,4
H1DpVwktfDQ[3],4,4,0,4,4
H6ci6Myq8uI[0],4,4,0,4,4
H6ci6Myq8uI[1],4,4,0,4,4
H6ci6Myq8uI[2],3,2,-1,3,2
H9mSft9YGuk[0],4,2,-2,4,2
H9mSft9YGuk[1],2,2,0,2,2
H9mSft9YGuk[2],3,2,-1,3,2
HGicRLwgtkM[0],5,3,-2,5,3
HGicRLwgtkM[1],4,3,-1,4,3
HGicRLwgtkM[2],5,3,-2,5,3
HGicRLwgtkM[3],4,3,-1,4,3
HGicRLwgtkM[4],5,4,-1,5,4
HGicRLwgtkM[5],5,4,-1,5,4
HGicRLwgtkM[6],6,3,-3,6,3
HetCe0lLacc[0],3,3,0,3,3
HmXXW45eZL4[0],2,2,0,2,2
HmXXW45eZL4[1],3,0,-3,3,0
HmXXW45eZL4[2],3,1,-2,3,1
IM6HW1HwHhM[0],4,2,-2,4,2
IM6HW1HwHhM[1],3,4,1,3,4
IM6HW1HwHhM[2],4,4,0,4,4
IM6HW1HwHhM[3],2,4,2,2,4
IM6HW1HwHhM[4],3,4,1,3,4
IM6HW1HwHhM[5],3,4,1,3,4
IM6HW1HwHhM[6],3,4,1,3,4
IM6HW1HwHhM[7],6,4,-2,6,4
IM6HW1HwHhM[8],3,2,-1,3,2
IRY4D_-mx3Q[0],4,2,-2,4,2
IUmxJNs2zaY[0],4,3,-1,4,3
IUmxJNs2zaY[1],4,3,-1,4,3
IUmxJNs2zaY[2],4,4,0,4,4
IUmxJNs2zaY[3],4,4,0,4,4
JAnRCQ9A0vI[0],3,2,-1,3,2
JAnRCQ9A0vI[1],3,4,1,3,4
JAnRCQ9A0vI[2],4,4,0,4,4
JAnRCQ9A0vI[3],4,4,0,4,4
JAnRCQ9A0vI[4],3,3,0,3,3
JAnRCQ9A0vI[5],3,4,1,3,4
JAnRCQ9A0vI[6],3,4,1,3,4
JAnRCQ9A0vI[7],5,5,0,5,5
JAnRCQ9A0vI[8],5,4,-1,5,4
JGzFUzPeAA8[0],4,4,0,4,4
JOK1SSmPtFw[0],5,4,-1,5,4
JOK1SSmPtFw[1],2,2,0,2,2
JOK1SSmPtFw[2],3,3,0,3,3
JOK1SSmPtFw[3],3,3,0,3,3
JOK1SSmPtFw[4],3,3,0,3,3
JOK1SSmPtFw[5],2,4,2,2,4
JOK1SSmPtFw[6],3,3,0,3,3
JOK1SSmPtFw[7],3,4,1,3,4
JOK1SSmPtFw[8],3,4,1,3,4
JOK1SSmPtFw[9],3,3,0,3,3
JOK1SSmPtFw[10],4,4,0,4,4
JOK1SSmPtFw[11],4,4,0,4,4
JOK1SSmPtFw[12],4,4,0,4,4
JOK1SSmPtFw[13],3,3,0,3,3
JOK1SSmPtFw[14],4,3,-1,4,3
JOK1SSmPtFw[15],3,3,0,3,3
JOK1SSmPtFw[16],3,4,1,3,4
JOK1SSmPtFw[17],3,3,0,3,3
JOK1SSmPtFw[18],3,4,1,3,4
JOK1SSmPtFw[19],3,3,0,3,3
JOK1SSmPtFw[20],4,3,-1,4,3
JPT38CA3sGI[0],4,4,0,4,4
JPT38CA3sGI[1],4,1,-3,4,1
JPT38CA3sGI[2],2,2,0,2,2
JPT38CA3sGI[3],4,2,-2,4,2
JPT38CA3sGI[4],5,2,-3,5,2
JPT38CA3sGI[5],4,2,-2,4,2
JVpF99zuQhA[0],4,4,0,4,4
JVpF99zuQhA[1],3,3,0,3,3
JVpF99zuQhA[2],3,3,0,3,3
JVpF99zuQhA[3],3,4,1,3,4
K0m1tO3Ybyc[0],3,2,-1,3,2
K0m1tO3Ybyc[1],4,4,0,4,4
K0m1tO3Ybyc[2],3,4,1,3,4
K0m1tO3Ybyc[3],2,2,0,2,2
K0m1tO3Ybyc[4],4,4,0,4,4
K0m1tO3Ybyc[5],1,2,1,1,2
K8gp7ncdUl8[0],4,4,0,4,4
K8gp7ncdUl8[1],4,4,0,4,4
KB73TD4xQ8Y[0],4,4,0,4,4
KDjl2exStlI[0],3,3,0,3,3
KDjl2exStlI[1],3,3,0,3,3
KDjl2exStlI[2],3,3,0,3,3
KDjl2exStlI[3],4,3,-1,4,3
KDjl2exStlI[4],4,3,-1,4,3
KkKWFZZmmCM[0],3,4,1,3,4
KpMCvUyQCXg[0],4,4,0,4,4
KpMCvUyQCXg[1],3,4,1,3,4
KpMCvUyQCXg[2],2,3,1,2,3
KpMCvUyQCXg[3],4,4,0,4,4
KqFarHUGjSc[0],4,3,-1,4,3
KqFarHUGjSc[1],4,3,-1,4,3
L1eFHRQGFeg[0],2,4,2,2,4
L1eFHRQGFeg[1],4,2,-2,4,2
L1eFHRQGFeg[2],4,4,0,4,4
L1eFHRQGFeg[3],3,4,1,3,4
Lh8r-5eHX6Q[0],3,4,1,3,4
MCsvw5-7lVE[0],5,4,-1,5,4
MCsvw5-7lVE[1],4,4,0,4,4
MCsvw5-7lVE[2],5,4,-1,5,4
MCsvw5-7lVE[3],3,4,1,3,4
MD6Tq_4VlGc[0],6,4,-2,6,4
MD6Tq_4VlGc[1],4,2,-2,4,2
MMpo2bDk-DU[0],2,4,2,2,4
MMpo2bDk-DU[1],3,1,-2,3,1
MMpo2bDk-DU[2],2,2,0,2,2
MMpo2bDk-DU[3],2,3,1,2,3
MMpo2bDk-DU[4],5,4,-1,5,4
MMpo2bDk-DU[5],2,4,2,2,4
MMpo2bDk-DU[6],2,2,0,2,2
MMpo2bDk-DU[7],4,4,0,4,4
MjaaudUc5-4[0],2,4,2,2,4
MjaaudUc5-4[1],3,2,-1,3,2
MjaaudUc5-4[2],4,5,1,4,5
MjaaudUc5-4[3],4,2,-2,4,2
MjaaudUc5-4[4],4,4,0,4,4
MjaaudUc5-4[5],3,5,2,3,5
MjaaudUc5-4[6],4,2,-2,4,2
MoQmPA7Q07Q[0],4,4,0,4,4
MoQmPA7Q07Q[1],5,4,-1,5,4
MoQmPA7Q07Q[2],5,5,0,5,5
MoQmPA7Q07Q[3],5,5,0,5,5
MoQmPA7Q07Q[4],1,2,1,1,2
MoQmPA7Q07Q[5],3,3,0,3,3
MoQmPA7Q07Q[6],5,4,-1,5,4
MoQmPA7Q07Q[7],6,4,-2,6,4
MoQmPA7Q07Q[8],5,4,-1,5,4
N1X63d_jgmw[0],4,2,-2,4,2
N5xfBtD6rLY[0],4,3,-1,4,3
N5xfBtD6rLY[1],4,3,-1,4,3
N5xfBtD6rLY[2],5,2,-3,5,2
N5xfBtD6rLY[3],2,4,2,2,4
N5xfBtD6rLY[4],4,4,0,4,4
N5xfBtD6rLY[5],2,1,-1,2,1
NoZsdSGnNpI[0],4,4,0,4,4
NoZsdSGnNpI[1],4,4,0,4,4
NoZsdSGnNpI[2],3,4,1,3,4
Nrurc5sMUOE[0],3,3,0,3,3
Nrurc5sMUOE[1],2,4,2,2,4
Nrurc5sMUOE[2],2,2,0,2,2
Nrurc5sMUOE[3],2,2,0,2,2
Nrurc5sMUOE[4],3,3,0,3,3
Nrurc5sMUOE[5],3,2,-1,3,2
NzvNW7vP-Co[0],3,3,0,3,3
NzvNW7vP-Co[1],6,5,-1,6,5
NzvNW7vP-Co[2],3,4,1,3,4
NzvNW7vP-Co[3],5,5,0,5,5
NzvNW7vP-Co[4],3,4,1,3,4
OLP0nCKwU6k[0],4,4,0,4,4
OLP0nCKwU6k[1],2,4,2,2,4
OrYBtyO0aPI[0],4,4,0,4,4
OrYBtyO0aPI[1],4,4,0,4,4
OrYBtyO0aPI[2],2,1,-1,2,1
OrYBtyO0aPI[3],4,4,0,4,4
OrYBtyO0aPI[4],4,4,0,4,4
OrYBtyO0aPI[5],5,5,0,5,5
OrYBtyO0aPI[6],5,5,0,5,5
OwE-7MwzfYI[0],5,4,-1,5,4
PORCNDRKtko[0],5,4,-1,5,4
PboaYD5hlG8[0],4,3,-1,4,3
PboaYD5hlG8[1],5,4,-1,5,4
PboaYD5hlG8[2],4,4,0,4,4
PboaYD5hlG8[3],2,3,1,2,3
PboaYD5hlG8[4],5,2,-3,5,2
PboaYD5hlG8[5],5,5,0,5,5
PboaYD5hlG8[6],4,4,0,4,4
PboaYD5hlG8[7],2,2,0,2,2
PboaYD5hlG8[8],3,4,1,3,4
PboaYD5hlG8[9],1,2,1,1,2
PboaYD5hlG8[10],3,1,-2,3,1
Pt-D0LUHDSc[0],4,1,-3,4,1
Pt-D0LUHDSc[1],3,4,1,3,4
Pt-D0LUHDSc[2],4,4,0,4,4
Pt-D0LUHDSc[3],3,4,1,3,4
PwapK9d8IGk[0],3,3,0,3,3
PwapK9d8IGk[1],3,2,-1,3,2
PyQrAYl1bFs[0],4,4,0,4,4
PyQrAYl1bFs[1],5,4,-1,5,4
PyQrAYl1bFs[2],3,3,0,3,3
PyQrAYl1bFs[3],5,3,-2,5,3
PyQrAYl1bFs[4],4,3,-1,4,3
PyQrAYl1bFs[5],5,5,0,5,5
PyQrAYl1bFs[6],4,4,0,4,4
PyQrAYl1bFs[7],5,4,-1,5,4
PyQrAYl1bFs[8],5,4,-1,5,4
PyQrAYl1bFs[9],5,1,-4,5,1
Q4WzApjaCNI[0],4,4,0,4,4
Q7S0tX4FUNA[0],1,2,1,1,2
Q7S0tX4FUNA[1],2,2,0,2,2
Q7S0tX4FUNA[2],4,4,0,4,4
Q7S0tX4FUNA[3],4,3,-1,4,3
Q7S0tX4FUNA[4],4,2,-2,4,2
Q7S0tX4FUNA[5],4,2,-2,4,2
Q7S0tX4FUNA[6],2,2,0,2,2
Qa6Yz62V-Yc[0],4,3,-1,4,3
Qa6Yz62V-Yc[1],4,3,-1,4,3
QjcQx8_PQfw[0],4,4,0,4,4
QjcQx8_PQfw[1],2,3,1,2,3
QpchvHpGFc8[0],4,4,0,4,4
QpchvHpGFc8[1],4,2,-2,4,2
QpchvHpGFc8[2],4,2,-2,4,2
QpchvHpGFc8[3],4,2,-2,4,2
QpchvHpGFc8[4],4,5,1,4,5
QpchvHpGFc8[5],4,4,0,4,4
QpchvHpGFc8[6],4,4,0,4,4
QxU625Hn370[0],3,3,0,3,3
R7IkQVUuLew[0],4,4,0,4,4
R7IkQVUuLew[1],3,4,1,3,4
R7IkQVUuLew[2],4,4,0,4,4
R7IkQVUuLew[3],4,4,0,4,4
R7IkQVUuLew[4],4,3,-1,4,3
R7IkQVUuLew[5],4,4,0,4,4
RArhIHk4Qs4[0],3,4,1,3,4
RArhIHk4Qs4[1],3,4,1,3,4
RArhIHk4Qs4[2],3,3,0,3,3
RArhIHk4Qs4[3],4,3,-1,4,3
RArhIHk4Qs4[4],3,3,0,3,3
RArhIHk4Qs4[5],4,2,-2,4,2
RArhIHk4Qs4[6],2,2,0,2,2
RArhIHk4Qs4[7],4,4,0,4,4
RArhIHk4Qs4[8],4,2,-2,4,2
RArhIHk4Qs4[9],3,2,-1,3,2
RArhIHk4Qs4[10],2,3,1,2,3
RArhIHk4Qs4[11],4,3,-1,4,3
RArhIHk4Qs4[12],4,4,0,4,4
RArhIHk4Qs4[13],3,4,1,3,4
RArhIHk4Qs4[14],3,3,0,3,3
RArhIHk4Qs4[15],5,3,-2,5,3
RArhIHk4Qs4[16],4,3,-1,4,3
RArhIHk4Qs4[17],4,3,-1,4,3
RArhIHk4Qs4[18],4,3,-1,4,3
RArhIHk4Qs4[19],3,4,1,3,4
RArhIHk4Qs4[20],3,2,-1,3,2
ROcTx5VEn7o[0],4,3,-1,4,3
ROcTx5VEn7o[1],4,3,-1,4,3
ROcTx5VEn7o[2],3,4,1,3,4
ROcTx5VEn7o[3],3,4,1,3,4
ROcTx5VEn7o[4],2,3,1,2,3
ROcTx5VEn7o[5],3,4,1,3,4
RrGpzInAwCg[0],4,3,-1,4,3
RrGpzInAwCg[1],5,4,-1,5,4
RzOFxDk26p0[0],5,4,-1,5,4
RzOFxDk26p0[1],5,5,0,5,5
RzOFxDk26p0[2],6,4,-2,6,4
RzOFxDk26p0[3],6,5,-1,6,5
SHa756SwGJQ[0],4,3,-1,4,3
SHa756SwGJQ[1],2,2,0,2,2
SHa756SwGJQ[2],3,2,-1,3,2
SHa756SwGJQ[3],4,4,0,4,4
SHa756SwGJQ[4],2,3,1,2,3
SHa756SwGJQ[5],3,3,0,3,3
SHa756SwGJQ[6],4,3,-1,4,3
SHa756SwGJQ[7],3,2,-1,3,2
SO53x_pbou8[0],5,4,-1,5,4
SO53x_pbou8[1],4,4,0,4,4
SuIcJvERiFk[0],4,5,1,4,5
SuIcJvERiFk[1],3,3,0,3,3
TH32jop4FiI[0],4,2,-2,4,2
TH32jop4FiI[1],2,3,1,2,3
TH32jop4FiI[2],4,3,-1,4,3
TH32jop4FiI[3],2,3,1,2,3
TH32jop4FiI[4],4,3,-1,4,3
TH32jop4FiI[5],4,3,-1,4,3
TH32jop4FiI[6],4,4,0,4,4
TH32jop4FiI[7],3,2,-1,3,2
TH32jop4FiI[8],3,2,-1,3,2
TH32jop4FiI[9],2,3,1,2,3
TH32jop4FiI[10],3,3,0,3,3
TH32jop4FiI[11],3,3,0,3,3
TWszOxkOV0w[0],0,4,4,0,4
TWszOxkOV0w[1],4,4,0,4,4
TWszOxkOV0w[2],3,2,-1,3,2
TXCXFYIc3Yo[0],5,4,-1,5,4
TXCXFYIc3Yo[1],2,2,0,2,2
TXCXFYIc3Yo[2],4,2,-2,4,2
TXCXFYIc3Yo[3],5,3,-2,5,3
TXCXFYIc3Yo[4],4,2,-2,4,2
TXCXFYIc3Yo[5],1,1,0,1,1
TXCXFYIc3Yo[6],2,2,0,2,2
TXCXFYIc3Yo[7],5,2,-3,5,2
TXCXFYIc3Yo[8],5,5,0,5,5
TXCXFYIc3Yo[9],5,4,-1,5,4
TXCXFYIc3Yo[10],4,3,-1,4,3
TYJzg5IJN8o[0],5,4,-1,5,4
TYJzg5IJN8o[1],4,3,-1,4,3
TYJzg5IJN8o[2],2,3,1,2,3
TYJzg5IJN8o[3],2,3,1,2,3
TYJzg5IJN8o[4],4,4,0,4,4
TYJzg5IJN8o[5],4,4,0,4,4
TYJzg5IJN8o[6],3,4,1,3,4
TYJzg5IJN8o[7],4,4,0,4,4
TYJzg5IJN8o[8],3,3,0,3,3
Tpdqfpuumg4[0],3,4,1,3,4
Tpdqfpuumg4[1],4,4,0,4,4
TqMh7U3J4D4[0],4,4,0,4,4
TqMh7U3J4D4[1],5,5,0,5,5
TqMh7U3J4D4[2],4,4,0,4,4
Uc_6d-fkZEc[0],3,3,0,3,3
Uc_6d-fkZEc[1],3,5,2,3,5
Uc_6d-fkZEc[2],3,5,2,3,5
UiPmjKggv1s[0],2,4,2,2,4
UlTJmndbGHM[0],4,5,1,4,5
UlTJmndbGHM[1],5,6,1,5,6
UlTJmndbGHM[2],2,2,0,2,2
UlTJmndbGHM[3],2,2,0,2,2
UlTJmndbGHM[4],4,4,0,4,4
UlTJmndbGHM[5],1,5,4,1,5
UvniNGPyeBc[0],4,3,-1,4,3
UvniNGPyeBc[1],3,2,-1,3,2
VAXhC2U9-2A[0],4,5,1,4,5
VbV9S4svrTg[0],4,4,0,4,4
VbV9S4svrTg[1],2,2,0,2,2
VbV9S4svrTg[2],5,5,0,5,5
VbV9S4svrTg[3],4,2,-2,4,2
VbV9S4svrTg[4],4,3,-1,4,3
VbV9S4svrTg[5],3,4,1,3,4
VbV9S4svrTg[6],4,3,-1,4,3
VbV9S4svrTg[7],3,2,-1,3,2
VbV9S4svrTg[8],5,4,-1,5,4
VbV9S4svrTg[9],3,3,0,3,3
VbV9S4svrTg[10],3,3,0,3,3
VbV9S4svrTg[11],4,4,0,4,4
VbV9S4svrTg[12],4,3,-1,4,3
VbV9S4svrTg[13],4,4,0,4,4
VbV9S4svrTg[14],4,4,0,4,4
VinxKpWioTo[0],3,3,0,3,3
VinxKpWioTo[1],4,5,1,4,5
VinxKpWioTo[2],5,5,0,5,5
VinxKpWioTo[3],4,4,0,4,4
VinxKpWioTo[4],5,4,-1,5,4
VinxKpWioTo[5],4,4,0,4,4
ViyQVpGW05w[0],5,4,-1,5,4
ViyQVpGW05w[1],4,4,0,4,4
ViyQVpGW05w[2],3,3,0,3,3
ViyQVpGW05w[3],2,3,1,2,3
Viz5vDE39y8[0],4,3,-1,4,3
Viz5vDE39y8[1],4,5,1,4,5
Viz5vDE39y8[2],6,6,0,6,6
Vuay0mVKkik[0],4,4,0,4,4
Vuay0mVKkik[1],2,4,2,2,4
Vuay0mVKkik[2],1,2,1,1,2
Vuay0mVKkik[3],2,2,0,2,2
Vuay0mVKkik[4],5,2,-3,5,2
VwvptdTkwEE[0],1,2,1,1,2
VwvptdTkwEE[1],4,2,-2,4,2
VwvptdTkwEE[2],1,4,3,1,4
VwvptdTkwEE[3],3,3,0,3,3
WmQF5RmbsVQ[0],3,4,1,3,4
Wrcf2xtqbkQ[0],4,3,-1,4,3
Wrcf2xtqbkQ[1],2,3,1,2,3
Wrcf2xtqbkQ[2],2,2,0,2,2
Wrcf2xtqbkQ[3],2,3,1,2,3
Wrcf2xtqbkQ[4],3,3,0,3,3
WxajvjGKz7Y[0],4,4,0,4,4
WxajvjGKz7Y[1],4,3,-1,4,3
WxajvjGKz7Y[2],3,2,-1,3,2
WxajvjGKz7Y[3],3,3,0,3,3
WxajvjGKz7Y[4],3,4,1,3,4
WxajvjGKz7Y[5],3,4,1,3,4
XIGpuL-Kkyk[0],3,3,0,3,3
XIGpuL-Kkyk[1],3,3,0,3,3
XIGpuL-Kkyk[2],5,4,-1,5,4
XIGpuL-Kkyk[3],4,5,1,4,5
XIGpuL-Kkyk[4],3,3,0,3,3
XIGpuL-Kkyk[5],4,4,0,4,4
XaVYxIW0FDg[0],4,3,-1,4,3
XaVYxIW0FDg[1],1,2,1,1,2
XaVYxIW0FDg[2],4,3,-1,4,3
XyP8bVmGX6M[0],4,4,0,4,4
XyP8bVmGX6M[1],4,4,0,4,4
XytBlo2R5Yg[0],5,5,0,5,5
XzVapdEr_GY[0],4,2,-2,4,2
XzVapdEr_GY[1],4,4,0,4,4
XzVapdEr_GY[2],4,4,0,4,4
XzVapdEr_GY[3],5,4,-1,5,4
XzVapdEr_GY[4],6,4,-2,6,4
Y7h-S3cJ52o[0],3,3,0,3,3
Y7h-S3cJ52o[1],4,4,0,4,4
Y7qkyMyanjU[0],3,4,1,3,4
Y7qkyMyanjU[1],4,4,0,4,4
Y7qkyMyanjU[2],3,3,0,3,3
Y7qkyMyanjU[3],4,4,0,4,4
YbuG8xyUO-o[0],4,4,0,4,4
YbuG8xyUO-o[1],3,3,0,3,3
YbuG8xyUO-o[2],4,4,0,4,4
YbuG8xyUO-o[3],4,5,1,4,5
Z7L3V5bwzI0[0],2,2,0,2,2
Z7L3V5bwzI0[1],6,4,-2,6,4
ZaoFHcbRM9g[0],3,4,1,3,4
ZaoFHcbRM9g[1],3,2,-1,3,2
ZaoFHcbRM9g[2],3,2,-1,3,2
ZaoFHcbRM9g[3],5,6,1,5,6
ZaoFHcbRM9g[4],4,2,-2,4,2
ZaoFHcbRM9g[5],2,2,0,2,2
ZaoFHcbRM9g[6],2,2,0,2,2
ZaoFHcbRM9g[7],2,2,0,2,2
ZaoFHcbRM9g[8],1,2,1,1,2
Zvisaa77Cng[0],2,3,1,2,3
Zvisaa77Cng[1],4,4,0,4,4
Zvisaa77Cng[2],4,4,0,4,4
_7HVhnSYX1Y[0],5,4,-1,5,4
_7HVhnSYX1Y[1],4,4,0,4,4
_7HVhnSYX1Y[2],3,4,1,3,4
_7HVhnSYX1Y[3],4,4,0,4,4
_7HVhnSYX1Y[4],4,4,0,4,4
_7HVhnSYX1Y[5],4,4,0,4,4
_7HVhnSYX1Y[6],4,4,0,4,4
_7HVhnSYX1Y[7],3,3,0,3,3
_7HVhnSYX1Y[8],4,3,-1,4,3
_7HVhnSYX1Y[9],4,3,-1,4,3
_7HVhnSYX1Y[10],4,4,0,4,4
_7HVhnSYX1Y[11],4,4,0,4,4
_BvNNdEkhZA[0],3,4,1,3,4
_BvNNdEkhZA[1],3,3,0,3,3
_BvNNdEkhZA[2],2,3,1,2,3
_BvNNdEkhZA[3],2,4,2,2,4
_BvNNdEkhZA[4],3,4,1,3,4
_BvNNdEkhZA[5],4,4,0,4,4
_BvNNdEkhZA[6],4,4,0,4,4
_BvNNdEkhZA[7],3,4,1,3,4
_BvNNdEkhZA[8],4,4,0,4,4
_BvNNdEkhZA[9],4,4,0,4,4
_aZDaIfGfPo[0],5,3,-2,5,3
_aZDaIfGfPo[1],4,4,0,4,4
_aZDaIfGfPo[2],3,3,0,3,3
_gr7o5ynhnw[0],6,5,-1,6,5
_gr7o5ynhnw[1],4,4,0,4,4
_gr7o5ynhnw[2],4,4,0,4,4
_gr7o5ynhnw[3],4,4,0,4,4
_gr7o5ynhnw[4],5,5,0,5,5
_gr7o5ynhnw[5],4,4,0,4,4
_gr7o5ynhnw[6],4,4,0,4,4
_gr7o5ynhnw[7],5,4,-1,5,4
_gr7o5ynhnw[8],4,4,0,4,4
_gr7o5ynhnw[9],3,4,1,3,4
_gr7o5ynhnw[10],2,4,2,2,4
_gzYkdjNvPc[0],2,3,1,2,3
_gzYkdjNvPc[1],2,4,2,2,4
_gzYkdjNvPc[2],4,4,0,4,4
_gzYkdjNvPc[3],3,4,1,3,4
_gzYkdjNvPc[4],5,4,-1,5,4
_gzYkdjNvPc[5],4,2,-2,4,2
_gzYkdjNvPc[6],3,4,1,3,4
_gzYkdjNvPc[7],4,4,0,4,4
_gzYkdjNvPc[8],4,2,-2,4,2
_gzYkdjNvPc[9],1,2,1,1,2
_gzYkdjNvPc[10],2,2,0,2,2
_gzYkdjNvPc[11],3,3,0,3,3
_gzYkdjNvPc[12],3,4,1,3,4
_gzYkdjNvPc[13],4,3,-1,4,3
_gzYkdjNvPc[14],2,2,0,2,2
_gzYkdjNvPc[15],2,4,2,2,4
_gzYkdjNvPc[16],5,2,-3,5,2
_gzYkdjNvPc[17],4,4,0,4,4
a-WihYDk6vc[0],4,4,0,4,4
a-WihYDk6vc[1],4,3,-1,4,3
a-WihYDk6vc[2],3,4,1,3,4
aFhc2ddipoM[0],4,4,0,4,4
aFhc2ddipoM[1],5,5,0,5,5
aFhc2ddipoM[2],4,4,0,4,4
aFhc2ddipoM[3],5,4,-1,5,4
aFhc2ddipoM[4],4,4,0,4,4
aFhc2ddipoM[5],5,4,-1,5,4
aFhc2ddipoM[6],5,4,-1,5,4
aK5tRCXjUvU[0],5,4,-1,5,4
b-FX9NOVQOM[0],3,3,0,3,3
b-FX9NOVQOM[1],2,2,0,2,2
b-FX9NOVQOM[2],4,2,-2,4,2
b-FX9NOVQOM[3],1,2,1,1,2
b-FX9NOVQOM[4],1,2,1,1,2
b1LEcg6z66g[0],2,4,2,2,4
b1LEcg6z66g[1],3,4,1,3,4
b1LEcg6z66g[2],2,4,2,2,4
b1LEcg6z66g[3],4,4,0,4,4
b1LEcg6z66g[4],4,2,-2,4,2
b1LEcg6z66g[5],5,4,-1,5,4
b1LEcg6z66g[6],4,2,-2,4,2
b1LEcg6z66g[7],2,2,0,2,2
b1LEcg6z66g[8],4,4,0,4,4
bAkUEnPoucg[0],5,4,-1,5,4
bAkUEnPoucg[1],5,4,-1,5,4
bNQkb4K5DX0[0],5,3,-2,5,3
bNQkb4K5DX0[1],4,3,-1,4,3
bNQkb4K5DX0[2],3,3,0,3,3
bNQkb4K5DX0[3],6,4,-2,6,4
bNQkb4K5DX0[4],4,5,1,4,5
bQ8QteHvrEk[0],4,2,-2,4,2
bWunvAd96zI[0],3,2,-1,3,2
bWunvAd96zI[1],2,2,0,2,2
bWunvAd96zI[2],4,2,-2,4,2
bWunvAd96zI[3],4,4,0,4,4
bWunvAd96zI[4],3,4,1,3,4
bWunvAd96zI[5],3,3,0,3,3
bWunvAd96zI[6],3,2,-1,3,2
bWunvAd96zI[7],5,6,1,5,6
bj9e8w4vNxo[0],3,4,1,3,4
bj9e8w4vNxo[1],3,2,-1,3,2
bj9e8w4vNxo[2],4,1,-3,4,1
bj9e8w4vNxo[3],2,2,0,2,2
bpvYdXVlgvc[0],1,3,2,1,3
bpvYdXVlgvc[1],3,2,-1,3,2
bpvYdXVlgvc[2],1,2,1,1,2
bpvYdXVlgvc[3],1,2,1,1,2
bpvYdXVlgvc[4],1,1,0,1,1
bpvYdXVlgvc[5],1,1,0,1,1
c1a1y9ytHH0[0],4,3,-1,4,3
c1a1y9ytHH0[1],3,3,0,3,3
c1a1y9ytHH0[2],3,3,0,3,3
c1a1y9ytHH0[3],3,3,0,3,3
c1a1y9ytHH0[4],3,4,1,3,4
c1a1y9ytHH0[5],4,3,-1,4,3
c5cB7AfVgcE[0],5,4,-1,5,4
c5cB7AfVgcE[1],3,2,-1,3,2
c5cB7AfVgcE[2],4,4,0,4,4
c5cB7AfVgcE[3],2,1,-1,2,1
d8BR6hsvzoY[0],3,3,0,3,3
d8BR6hsvzoY[1],4,4,0,4,4
d8BR6hsvzoY[2],3,3,0,3,3
d8BR6hsvzoY[3],3,3,0,3,3
d8BR6hsvzoY[4],4,3,-1,4,3
d8BR6hsvzoY[5],3,3,0,3,3
d8BR6hsvzoY[6],4,2,-2,4,2
d8BR6hsvzoY[7],3,3,0,3,3
d8BR6hsvzoY[8],4,4,0,4,4
d8BR6hsvzoY[9],3,3,0,3,3
dBWvtPeHpWM[0],5,4,-1,5,4
dBWvtPeHpWM[1],2,3,1,2,3
dBWvtPeHpWM[2],4,2,-2,4,2
dBWvtPeHpWM[3],5,4,-1,5,4
dBWvtPeHpWM[4],3,4,1,3,4
dBWvtPeHpWM[5],2,3,1,2,3
dBWvtPeHpWM[6],4,3,-1,4,3
dBWvtPeHpWM[7],4,4,0,4,4
dBWvtPeHpWM[8],2,2,0,2,2
dBWvtPeHpWM[9],4,3,-1,4,3
dBWvtPeHpWM[10],5,2,-3,5,2
dBWvtPeHpWM[11],6,2,-4,6,2
dEDbm2ubVRQ[0],2,3,1,2,3
dEDbm2ubVRQ[1],1,3,2,1,3
dEDbm2ubVRQ[2],4,3,-1,4,3
dEDbm2ubVRQ[3],4,4,0,4,4
dEDbm2ubVRQ[4],4,4,0,4,4
dEDbm2ubVRQ[5],3,3,0,3,3
dt641WxonBI[0],4,3,-1,4,3
dt641WxonBI[1],4,4,0,4,4
eKRWfaizBO0[0],4,2,-2,4,2
eKRWfaizBO0[1],4,3,-1,4,3
eOiC1kb17P4[0],5,2,-3,5,2
eOiC1kb17P4[1],5,4,-1,5,4
eOiC1kb17P4[2],5,2,-3,5,2
eOiC1kb17P4[3],5,5,0,5,5
eOiC1kb17P4[4],5,5,0,5,5
erNDEjQeox8[0],3,2,-1,3,2
erNDEjQeox8[1],5,4,-1,5,4
evAswZ6m3hg[0],2,2,0,2,2
evAswZ6m3hg[1],2,1,-1,2,1
evAswZ6m3hg[2],3,4,1,3,4
ewBrNsyY82Q[0],3,3,0,3,3
fPsy1co_nuw[0],5,5,0,5,5
fWOIAxzBQFY[0],5,4,-1,5,4
fWOIAxzBQFY[1],3,3,0,3,3
fWOIAxzBQFY[2],3,4,1,3,4
fWOIAxzBQFY[3],4,4,0,4,4
fWOIAxzBQFY[4],4,3,-1,4,3
fWOIAxzBQFY[5],4,4,0,4,4
fWOIAxzBQFY[6],4,2,-2,4,2
fWOIAxzBQFY[7],4,3,-1,4,3
fWOIAxzBQFY[8],4,4,0,4,4
fWOIAxzBQFY[9],5,3,-2,5,3
fWOIAxzBQFY[10],3,4,1,3,4
fWOIAxzBQFY[11],4,4,0,4,4
f_ZJ7L14oYQ[0],4,1,-3,4,1
f_ZJ7L14oYQ[1],5,4,-1,5,4
f_ZJ7L14oYQ[2],2,0,-2,2,0
f_ZJ7L14oYQ[3],2,2,0,2,2
f_ZJ7L14oYQ[4],5,4,-1,5,4
f_ZJ7L14oYQ[5],5,4,-1,5,4
f_ZJ7L14oYQ[6],5,0,-5,5,0
f_ZJ7L14oYQ[7],5,4,-1,5,4
f_ZJ7L14oYQ[8],5,1,-4,5,1
f_ZJ7L14oYQ[9],5,1,-4,5,1
f_ZJ7L14oYQ[10],5,2,-3,5,2
f_ZJ7L14oYQ[11],6,6,0,6,6
f_ZJ7L14oYQ[12],5,4,-1,5,4
f_ZJ7L14oYQ[13],4,4,0,4,4
f_ZJ7L14oYQ[14],3,4,1,3,4
fe2CWCpdTF8[0],4,4,0,4,4
fe2CWCpdTF8[1],4,5,1,4,5
ffrJ91swyq0[0],4,4,0,4,4
ffrJ91swyq0[1],4,4,0,4,4
g8Cl74tS3oY[0],2,3,1,2,3
g8Cl74tS3oY[1],2,2,0,2,2
g8Cl74tS3oY[2],2,3,1,2,3
g8Cl74tS3oY[3],4,4,0,4,4
g8Cl74tS3oY[4],4,4,0,4,4
gR4gM_WXesQ[0],4,3,-1,4,3
gR4gM_WXesQ[1],4,2,-2,4,2
gR4gM_WXesQ[2],2,2,0,2,2
gR4gM_WXesQ[3],5,3,-2,5,3
gR4gM_WXesQ[4],5,4,-1,5,4
gR4gM_WXesQ[5],4,2,-2,4,2
gR4gM_WXesQ[6],1,2,1,1,2
gR4gM_WXesQ[7],1,2,1,1,2
gR4gM_WXesQ[8],4,3,-1,4,3
gR4gM_WXesQ[9],2,4,2,2,4
gR4gM_WXesQ[10],4,3,-1,4,3
gR4gM_WXesQ[11],3,2,-1,3,2
gR4gM_WXesQ[12],4,5,1,4,5
gR4gM_WXesQ[13],4,2,-2,4,2
gR4gM_WXesQ[14],5,4,-1,5,4
gR4gM_WXesQ[15],4,3,-1,4,3
gR4gM_WXesQ[16],4,3,-1,4,3
gVqs4TzqySw[0],4,4,0,4,4
gVqs4TzqySw[1],3,4,1,3,4
gVqs4TzqySw[2],3,3,0,3,3
gVqs4TzqySw[3],3,3,0,3,3
gVqs4TzqySw[4],3,4,1,3,4
gVqs4TzqySw[5],3,4,1,3,4
goMtnNHQ_z4[0],3,4,1,3,4
goMtnNHQ_z4[1],2,4,2,2,4
goMtnNHQ_z4[2],4,4,0,4,4
goMtnNHQ_z4[3],5,4,-1,5,4
hqzF4IDaIYE[0],1,3,2,1,3
hqzF4IDaIYE[1],2,2,0,2,2
hqzF4IDaIYE[2],4,4,0,4,4
hqzF4IDaIYE[3],4,4,0,4,4
hqzF4IDaIYE[4],4,4,0,4,4
hqzF4IDaIYE[5],2,3,1,2,3
hqzF4IDaIYE[6],2,4,2,2,4
hrLoOAh_8LY[0],4,4,0,4,4
hrLoOAh_8LY[1],6,4,-2,6,4
hvfaYsv7p8E[0],2,2,0,2,2
hvfaYsv7p8E[1],2,2,0,2,2
hvfaYsv7p8E[2],2,4,2,2,4
hvfaYsv7p8E[3],2,2,0,2,2
iUXqlrui25c[0],2,2,0,2,2
iUXqlrui25c[1],4,2,-2,4,2
iUXqlrui25c[2],2,3,1,2,3
iUXqlrui25c[3],4,4,0,4,4
iUXqlrui25c[4],2,2,0,2,2
iUXqlrui25c[5],3,2,-1,3,2
iUXqlrui25c[6],3,3,0,3,3
iUXqlrui25c[7],4,4,0,4,4
iUXqlrui25c[8],2,4,2,2,4
iUXqlrui25c[9],4,4,0,4,4
iUXqlrui25c[10],4,4,0,4,4
iUXqlrui25c[11],4,4,0,4,4
iUXqlrui25c[12],4,4,0,4,4
iUXqlrui25c[13],4,4,0,4,4
icbUzboLcDQ[0],2,6,4,2,6
ioupaiAuRr0[0],4,4,0,4,4
ioupaiAuRr0[1],3,4,1,3,4
ioupaiAuRr0[2],3,4,1,3,4
ip8xwAr4MRE[0],3,3,0,3,3
ip8xwAr4MRE[1],4,4,0,4,4
ip8xwAr4MRE[2],4,2,-2,4,2
j0br-fFy160[0],4,4,0,4,4
j0br-fFy160[1],4,4,0,4,4
j0br-fFy160[2],4,4,0,4,4
j0br-fFy160[3],4,4,0,4,4
j0br-fFy160[4],3,3,0,3,3
jICmfLeFymA[0],3,3,0,3,3
jICmfLeFymA[1],4,4,0,4,4
jICmfLeFymA[2],4,2,-2,4,2
jICmfLeFymA[3],3,3,0,3,3
jICmfLeFymA[4],5,4,-1,5,4
jICmfLeFymA[5],5,4,-1,5,4
jICmfLeFymA[6],5,4,-1,5,4
jICmfLeFymA[7],5,3,-2,5,3
jICmfLeFymA[8],5,3,-2,5,3
jICmfLeFymA[9],4,5,1,4,5
jICmfLeFymA[10],5,3,-2,5,3
jICmfLeFymA[11],3,2,-1,3,2
jPrEKz1rAno[0],4,4,0,4,4
jPrEKz1rAno[1],4,4,0,4,4
jPrEKz1rAno[2],3,4,1,3,4
jPrEKz1rAno[3],4,4,0,4,4
jPrEKz1rAno[4],3,3,0,3,3
jPrEKz1rAno[5],4,2,-2,4,2
jPrEKz1rAno[6],3,2,-1,3,2
jrDqduyQrfo[0],4,4,0,4,4
jrDqduyQrfo[1],4,4,0,4,4
jrDqduyQrfo[2],4,4,0,4,4
jrDqduyQrfo[3],4,3,-1,4,3
k5ZOshC2LP4[0],4,1,-3,4,1
k5ZOshC2LP4[1],1,2,1,1,2
k5ZOshC2LP4[2],1,3,2,1,3
k5ZOshC2LP4[3],1,3,2,1,3
k5ZOshC2LP4[4],2,2,0,2,2
kbGhEJ4W44o[0],5,2,-3,5,2
kfsO4c0Ekes[0],2,3,1,2,3
kfsO4c0Ekes[1],4,2,-2,4,2
kfsO4c0Ekes[2],4,5,1,4,5
kfsO4c0Ekes[3],4,4,0,4,4
kvUb78Rdzdc[0],4,4,0,4,4
kvUb78Rdzdc[1],4,5,1,4,5
lO87-4Kf0cQ[0],5,4,-1,5,4
lO87-4Kf0cQ[1],3,3,0,3,3
lO87-4Kf0cQ[2],3,3,0,3,3
lO87-4Kf0cQ[3],2,3,1,2,3
lO87-4Kf0cQ[4],4,4,0,4,4
lO87-4Kf0cQ[5],3,3,0,3,3
lWf5hHRHIDs[0],4,4,0,4,4
lWf5hHRHIDs[1],4,4,0,4,4
lWf5hHRHIDs[2],5,4,-1,5,4
lawHYX5eB20[0],2,2,0,2,2
lawHYX5eB20[1],4,4,0,4,4
lilHOUfWrIA[0],2,4,2,2,4
ly3QDQDJzzQ[0],3,4,1,3,4
mHGaQ_nv9UY[0],4,3,-1,4,3
mHGaQ_nv9UY[1],3,3,0,3,3
mHGaQ_nv9UY[2],5,4,-1,5,4
mHGaQ_nv9UY[3],2,4,2,2,4
mHGaQ_nv9UY[4],2,3,1,2,3
mHGaQ_nv9UY[5],3,4,1,3,4
mHGaQ_nv9UY[6],4,4,0,4,4
mHGaQ_nv9UY[7],3,2,-1,3,2
mHGaQ_nv9UY[8],3,4,1,3,4
mHGaQ_nv9UY[9],2,2,0,2,2
mHGaQ_nv9UY[10],4,2,-2,4,2
mHGaQ_nv9UY[11],2,3,1,2,3
mHGaQ_nv9UY[12],4,4,0,4,4
mHGaQ_nv9UY[13],1,1,0,1,1
mHGaQ_nv9UY[14],3,2,-1,3,2
mHGaQ_nv9UY[15],2,3,1,2,3
mHGaQ_nv9UY[16],4,3,-1,4,3
mHGaQ_nv9UY[17],3,3,0,3,3
mLW-jn67gRE[0],2,2,0,2,2
mLW-jn67gRE[1],2,3,1,2,3
mLW-jn67gRE[2],2,2,0,2,2
mLW-jn67gRE[3],4,4,0,4,4
mLW-jn67gRE[4],4,4,0,4,4
mLW-jn67gRE[5],5,4,-1,5,4
mLW-jn67gRE[6],3,3,0,3,3
mLW-jn67gRE[7],3,2,-1,3,2
mLW-jn67gRE[8],3,4,1,3,4
mLW-jn67gRE[9],2,2,0,2,2
mLW-jn67gRE[10],3,4,1,3,4
mLW-jn67gRE[11],3,2,-1,3,2
mjpCK2Edsv8[0],5,0,-5,5,0
nUZYqTRSGDw[0],2,2,0,2,2
nUZYqTRSGDw[1],4,4,0,4,4
nyzIL6YAonY[0],4,1,-3,4,1
nyzIL6YAonY[1],4,4,0,4,4
nyzIL6YAonY[2],4,4,0,4,4
ooAF6I-fmTg[0],3,2,-1,3,2
ooAF6I-fmTg[1],2,4,2,2,4
ooAF6I-fmTg[2],1,1,0,1,1
pOrk7fl1AYo[0],2,3,1,2,3
pOrk7fl1AYo[1],3,3,0,3,3
pOrk7fl1AYo[2],3,2,-1,3,2
pOrk7fl1AYo[3],4,4,0,4,4
pOrk7fl1AYo[4],2,4,2,2,4
pRdxEaLB8r4[0],2,3,1,2,3
pRdxEaLB8r4[1],4,4,0,4,4
pVs1daijYTw[0],0,3,3,0,3
pVs1daijYTw[1],2,3,1,2,3
q9yDL81QppI[0],2,4,2,2,4
q9yDL81QppI[1],4,4,0,4,4
q9yDL81QppI[2],3,4,1,3,4
qK77ZmbqmOM[0],2,3,1,2,3
qK77ZmbqmOM[1],4,4,0,4,4
qK77ZmbqmOM[2],2,4,2,2,4
qK77ZmbqmOM[3],2,3,1,2,3
qY1sXq-YCHs[0],2,3,1,2,3
qY1sXq-YCHs[1],2,3,1,2,3
qY1sXq-YCHs[2],2,3,1,2,3
qY1sXq-YCHs[3],2,2,0,2,2
qmMSumMloAs[0],6,6,0,6,6
qmMSumMloAs[1],6,6,0,6,6
qmMSumMloAs[2],4,6,2,4,6
r13W4H8ZhqI[0],3,4,1,3,4
r13W4H8ZhqI[1],4,3,-1,4,3
r13W4H8ZhqI[2],4,2,-2,4,2
r13W4H8ZhqI[3],4,4,0,4,4
r13W4H8ZhqI[4],4,3,-1,4,3
r13W4H8ZhqI[5],4,4,0,4,4
r13W4H8ZhqI[6],4,3,-1,4,3
r13W4H8ZhqI[7],5,3,-2,5,3
r13W4H8ZhqI[8],4,4,0,4,4
r13W4H8ZhqI[9],2,3,1,2,3
r5ijC2W9ddk[0],3,3,0,3,3
r5ijC2W9ddk[1],5,4,-1,5,4
r5ijC2W9ddk[2],4,3,-1,4,3
r5ijC2W9ddk[3],6,4,-2,6,4
r5ijC2W9ddk[4],4,4,0,4,4
r8Jyl2Bfl14[0],4,4,0,4,4
r8Jyl2Bfl14[1],4,4,0,4,4
r91csZc6AXE[0],3,3,0,3,3
r9tgDqXEcuc[0],3,4,1,3,4
r9tgDqXEcuc[1],2,2,0,2,2
r9tgDqXEcuc[2],4,2,-2,4,2
r9tgDqXEcuc[3],4,4,0,4,4
rf0yDSeVEUA[0],6,5,-1,6,5
rf0yDSeVEUA[1],5,4,-1,5,4
rf0yDSeVEUA[2],4,3,-1,4,3
rf0yDSeVEUA[3],3,4,1,3,4
rojyUp4FPSg[0],4,3,-1,4,3
rojyUp4FPSg[1],5,3,-2,5,3
rojyUp4FPSg[2],5,5,0,5,5
rojyUp4FPSg[3],5,1,-4,5,1
rojyUp4FPSg[4],4,5,1,4,5
rojyUp4FPSg[5],4,6,2,4,6
rojyUp4FPSg[6],4,3,-1,4,3
rojyUp4FPSg[7],4,3,-1,4,3
rojyUp4FPSg[8],4,4,0,4,4
rojyUp4FPSg[9],4,2,-2,4,2
rojyUp4FPSg[10],6,4,-2,6,4
rojyUp4FPSg[11],4,1,-3,4,1
rojyUp4FPSg[12],4,6,2,4,6
rojyUp4FPSg[13],5,1,-4,5,1
rojyUp4FPSg[14],5,5,0,5,5
rojyUp4FPSg[15],5,1,-4,5,1
rojyUp4FPSg[16],6,4,-2,6,4
rojyUp4FPSg[17],4,5,1,4,5
rojyUp4FPSg[18],4,3,-1,4,3
rojyUp4FPSg[19],4,4,0,4,4
rojyUp4FPSg[20],5,4,-1,5,4
rojyUp4FPSg[21],5,4,-1,5,4
rojyUp4FPSg[22],5,4,-1,5,4
rojyUp4FPSg[23],4,5,1,4,5
rojyUp4FPSg[24],4,4,0,4,4
rojyUp4FPSg[25],4,5,1,4,5
rojyUp4FPSg[26],4,5,1,4,5
rojyUp4FPSg[27],5,5,0,5,5
rojyUp4FPSg[28],5,4,-1,5,4
rojyUp4FPSg[29],5,4,-1,5,4
rojyUp4FPSg[30],4,5,1,4,5
rojyUp4FPSg[31],5,5,0,5,5
rojyUp4FPSg[32],5,6,1,5,6
rojyUp4FPSg[33],4,4,0,4,4
rojyUp4FPSg[34],4,4,0,4,4
rojyUp4FPSg[35],4,4,0,4,4
rojyUp4FPSg[36],4,4,0,4,4
rojyUp4FPSg[37],4,3,-1,4,3
rojyUp4FPSg[38],5,2,-3,5,2
rwNlqh0k1j4[0],4,3,-1,4,3
rwNlqh0k1j4[1],2,4,2,2,4
rwNlqh0k1j4[2],5,4,-1,5,4
rwNlqh0k1j4[3],5,4,-1,5,4
rwNlqh0k1j4[4],3,3,0,3,3
rwNlqh0k1j4[5],2,1,-1,2,1
rwNlqh0k1j4[6],2,2,0,2,2
rwNlqh0k1j4[7],4,3,-1,4,3
rwNlqh0k1j4[8],2,2,0,2,2
sC16n1k66io[0],4,1,-3,4,1
sC16n1k66io[1],5,2,-3,5,2
sC16n1k66io[2],4,2,-2,4,2
sPremsknoLM[0],2,3,1,2,3
sPremsknoLM[1],3,2,-1,3,2
sPremsknoLM[2],5,2,-3,5,2
ssqiwP19JhM[0],4,4,0,4,4
ssqiwP19JhM[1],3,2,-1,3,2
ssqiwP19JhM[2],3,3,0,3,3
ssqiwP19JhM[3],4,3,-1,4,3
ssqiwP19JhM[4],4,4,0,4,4
ssqiwP19JhM[5],4,3,-1,4,3
szic2IB9HB4[0],4,3,-1,4,3
szic2IB9HB4[1],4,4,0,4,4
szic2IB9HB4[2],4,3,-1,4,3
szic2IB9HB4[3],1,2,1,1,2
szic2IB9HB4[4],2,3,1,2,3
tQ-CIfgj-Js[0],3,3,0,3,3
tXQpm-nKxNA[0],4,2,-2,4,2
tXQpm-nKxNA[1],6,4,-2,6,4
tXQpm-nKxNA[2],4,4,0,4,4
tXQpm-nKxNA[3],5,6,1,5,6
tXQpm-nKxNA[4],6,4,-2,6,4
tXQpm-nKxNA[5],5,4,-1,5,4
u6PL_7Z9QlU[0],3,4,1,3,4
u6PL_7Z9QlU[1],5,4,-1,5,4
u6PL_7Z9QlU[2],4,4,0,4,4
uacdDoBtT1k[0],1,2,1,1,2
uacdDoBtT1k[1],3,2,-1,3,2
uacdDoBtT1k[2],2,3,1,2,3
uacdDoBtT1k[3],2,3,1,2,3
uacdDoBtT1k[4],2,2,0,2,2
unNY4zIk8MM[0],4,3,-1,4,3
unNY4zIk8MM[1],5,6,1,5,6
unNY4zIk8MM[2],6,2,-4,6,2
unNY4zIk8MM[3],4,4,0,4,4
unNY4zIk8MM[4],5,3,-2,5,3
unNY4zIk8MM[5],4,4,0,4,4
unNY4zIk8MM[6],3,3,0,3,3
unNY4zIk8MM[7],5,5,0,5,5
unNY4zIk8MM[8],3,4,1,3,4
uooIiW6dEyg[0],4,0,-4,4,0
uooIiW6dEyg[1],2,0,-2,2,0
uooIiW6dEyg[2],3,4,1,3,4
uooIiW6dEyg[3],3,4,1,3,4
uooIiW6dEyg[4],3,0,-3,3,0
uooIiW6dEyg[5],3,4,1,3,4
uu1FqsR7JV0[0],3,3,0,3,3
uu1FqsR7JV0[1],3,2,-1,3,2
v2Rr-EsJda8[0],2,2,0,2,2
v2Rr-EsJda8[1],3,1,-2,3,1
v2Rr-EsJda8[2],2,4,2,2,4
v2Rr-EsJda8[3],1,1,0,1,1
v2Rr-EsJda8[4],5,2,-3,5,2
v2Rr-EsJda8[5],4,4,0,4,4
v2Rr-EsJda8[6],3,1,-2,3,1
v9gjg7TDlTA[0],4,2,-2,4,2
v9gjg7TDlTA[1],3,4,1,3,4
v9gjg7TDlTA[2],3,4,1,3,4
v9gjg7TDlTA[3],2,2,0,2,2
v9gjg7TDlTA[4],2,2,0,2,2
vC9oWzTU71s[0],4,4,0,4,4
vC9oWzTU71s[1],3,4,1,3,4
vHzbn_YW76s[0],3,4,1,3,4
vHzbn_YW76s[1],2,2,0,2,2
vHzbn_YW76s[2],3,4,1,3,4
vU0a4F36Ksw[0],5,4,-1,5,4
vU0a4F36Ksw[1],6,4,-2,6,4
vU0a4F36Ksw[2],4,4,0,4,4
vU0a4F36Ksw[3],4,4,0,4,4
vU0a4F36Ksw[4],4,4,0,4,4
vU0a4F36Ksw[5],4,4,0,4,4
vU0a4F36Ksw[6],5,4,-1,5,4
vU0a4F36Ksw[7],3,4,1,3,4
vU0a4F36Ksw[8],3,4,1,3,4
vU0a4F36Ksw[9],4,4,0,4,4
vU0a4F36Ksw[10],4,4,0,4,4
vU0a4F36Ksw[11],5,4,-1,5,4
vU0a4F36Ksw[12],4,4,0,4,4
vU0a4F36Ksw[13],5,4,-1,5,4
vU0a4F36Ksw[14],4,4,0,4,4
vU0a4F36Ksw[15],4,4,0,4,4
vU0a4F36Ksw[16],4,4,0,4,4
vU0a4F36Ksw[17],4,4,0,4,4
vU0a4F36Ksw[18],4,3,-1,4,3
vU0a4F36Ksw[19],4,4,0,4,4
vU0a4F36Ksw[20],5,5,0,5,5
vbr3EA8cJTI[0],5,5,0,5,5
vbr3EA8cJTI[1],3,0,-3,3,0
vbr3EA8cJTI[2],2,2,0,2,2
vbr3EA8cJTI[3],4,2,-2,4,2
vbr3EA8cJTI[4],5,4,-1,5,4
vbr3EA8cJTI[5],4,4,0,4,4
vbr3EA8cJTI[6],3,2,-1,3,2
vo_JbAFAD68[0],4,1,-3,4,1
vySKXq0ZOb0[0],3,3,0,3,3
vySKXq0ZOb0[1],2,2,0,2,2
wF8980oGklk[0],3,4,1,3,4
wF8980oGklk[1],3,3,0,3,3
wF8980oGklk[2],4,4,0,4,4
wF8980oGklk[3],4,4,0,4,4
wF8980oGklk[4],4,4,0,4,4
wF8980oGklk[5],5,4,-1,5,4
wF8980oGklk[6],3,4,1,3,4
wF8980oGklk[7],4,4,0,4,4
wF8980oGklk[8],3,3,0,3,3
wF8980oGklk[9],4,4,0,4,4
wF8980oGklk[10],4,3,-1,4,3
wF8980oGklk[11],4,4,0,4,4
wF8980oGklk[12],2,2,0,2,2
wF8980oGklk[13],4,2,-2,4,2
wF8980oGklk[14],3,4,1,3,4
wF8980oGklk[15],4,4,0,4,4
wF8980oGklk[16],4,3,-1,4,3
wF8980oGklk[17],4,3,-1,4,3
wF8980oGklk[18],5,4,-1,5,4
wF8980oGklk[19],4,3,-1,4,3
wF8980oGklk[20],5,4,-1,5,4
wF8980oGklk[21],4,3,-1,4,3
wF8980oGklk[22],2,3,1,2,3
wF8980oGklk[23],2,2,0,2,2
wF8980oGklk[24],4,3,-1,4,3
wF8980oGklk[25],3,4,1,3,4
wF8980oGklk[26],5,4,-1,5,4
wF8980oGklk[27],3,4,1,3,4
wF8980oGklk[28],4,2,-2,4,2
wgca4dZnnVQ[0],2,1,-1,2,1
wosolsrH3sM[0],2,1,-1,2,1
wosolsrH3sM[1],5,3,-2,5,3
wosolsrH3sM[2],4,1,-3,4,1
wvLEIxt-_V0[0],5,5,0,5,5
x-zGBp7axao[0],6,5,-1,6,5
x-zGBp7axao[1],5,2,-3,5,2
x2lOwQaAn4g[0],4,4,0,4,4
x2lOwQaAn4g[1],3,4,1,3,4
x2lOwQaAn4g[2],4,4,0,4,4
x2lOwQaAn4g[3],3,4,1,3,4
x2lOwQaAn4g[4],4,2,-2,4,2
xUgAP84vsg4[0],4,5,1,4,5
xUgAP84vsg4[1],5,5,0,5,5
xUgAP84vsg4[2],5,4,-1,5,4
xUgAP84vsg4[3],6,4,-2,6,4
xUgAP84vsg4[4],6,4,-2,6,4
xUgAP84vsg4[5],4,5,1,4,5
xUgAP84vsg4[6],5,5,0,5,5
xUgAP84vsg4[7],5,4,-1,5,4
xivYoEUQ5sk[0],4,4,0,4,4
xivYoEUQ5sk[1],5,5,0,5,5
xivYoEUQ5sk[2],6,5,-1,6,5
xivYoEUQ5sk[3],4,4,0,4,4
xivYoEUQ5sk[4],6,5,-1,6,5
xivYoEUQ5sk[5],6,2,-4,6,2
xivYoEUQ5sk[6],5,5,0,5,5
xjsaS-LeZ14[0],4,4,0,4,4
xjsaS-LeZ14[1],5,4,-1,5,4
xjsaS-LeZ14[2],6,4,-2,6,4
xjsaS-LeZ14[3],4,3,-1,4,3
xjsaS-LeZ14[4],4,4,0,4,4
xjsaS-LeZ14[5],4,4,0,4,4
xjsaS-LeZ14[6],4,2,-2,4,2
xjsaS-LeZ14[7],5,4,-1,5,4
xjsaS-LeZ14[8],5,3,-2,5,3
xjsaS-LeZ14[9],5,4,-1,5,4
y8HXGm1-Ecw[0],5,4,-1,5,4
y8HXGm1-Ecw[1],4,4,0,4,4
y8HXGm1-Ecw[2],4,2,-2,4,2
y8HXGm1-Ecw[3],1,2,1,1,2
y8HXGm1-Ecw[4],2,4,2,2,4
y9FyTEyGy5Y[0],4,4,0,4,4
y9FyTEyGy5Y[1],5,4,-1,5,4
y9FyTEyGy5Y[2],2,4,2,2,4
y9FyTEyGy5Y[3],4,4,0,4,4
y9FyTEyGy5Y[4],5,5,0,5,5
y9FyTEyGy5Y[5],6,4,-2,6,4
zhE_68GMJIk[0],5,4,-1,5,4
zhE_68GMJIk[1],3,4,1,3,4
zhE_68GMJIk[2],3,4,1,3,4
zjYEBwXGD8I[0],3,4,1,3,4
zjYEBwXGD8I[1],4,3,-1,4,3
zjYEBwXGD8I[2],3,2,-1,3,2
zjYEBwXGD8I[3],5,5,0,5,5
zjYEBwXGD8I[4],5,4,-1,5,4
zjYEBwXGD8I[5],2,4,2,2,4
zjYEBwXGD8I[6],4,4,0,4,4
zjYEBwXGD8I[7],4,4,0,4,4
zjYEBwXGD8I[8],4,4,0,4,4
zjYEBwXGD8I[9],4,2,-2,4,2
zjYEBwXGD8I[10],4,4,0,4,4
zjYEBwXGD8I[11],4,4,0,4,4
zjYEBwXGD8I[12],3,4,1,3,4
zjYEBwXGD8I[13],4,3,-1,4,3
zjYEBwXGD8I[14],2,4,2,2,4
zjYEBwXGD8I[15],5,5,0,5,5
zjYEBwXGD8I[16],4,3,-1,4,3
zjYEBwXGD8I[17],4,4,0,4,4
zk2jTlAtvSU[0],3,3,0,3,3
zk2jTlAtvSU[1],3,3,0,3,3
